CREATE DATABASE  IF NOT EXISTS `mydb` /*!40100 DEFAULT CHARACTER SET utf8mb3 */ /*!80016 DEFAULT ENCRYPTION='N' */;
USE `mydb`;
-- MySQL dump 10.13  Distrib 8.0.36, for Win64 (x86_64)
--
-- Host: 127.0.0.1    Database: mydb
-- ------------------------------------------------------
-- Server version	8.0.36

/*!40101 SET @OLD_CHARACTER_SET_CLIENT=@@CHARACTER_SET_CLIENT */;
/*!40101 SET @OLD_CHARACTER_SET_RESULTS=@@CHARACTER_SET_RESULTS */;
/*!40101 SET @OLD_COLLATION_CONNECTION=@@COLLATION_CONNECTION */;
/*!50503 SET NAMES utf8 */;
/*!40103 SET @OLD_TIME_ZONE=@@TIME_ZONE */;
/*!40103 SET TIME_ZONE='+00:00' */;
/*!40014 SET @OLD_UNIQUE_CHECKS=@@UNIQUE_CHECKS, UNIQUE_CHECKS=0 */;
/*!40014 SET @OLD_FOREIGN_KEY_CHECKS=@@FOREIGN_KEY_CHECKS, FOREIGN_KEY_CHECKS=0 */;
/*!40101 SET @OLD_SQL_MODE=@@SQL_MODE, SQL_MODE='NO_AUTO_VALUE_ON_ZERO' */;
/*!40111 SET @OLD_SQL_NOTES=@@SQL_NOTES, SQL_NOTES=0 */;

--
-- Table structure for table `cafv_eligibility`
--

DROP TABLE IF EXISTS `cafv_eligibility`;
/*!40101 SET @saved_cs_client     = @@character_set_client */;
/*!50503 SET character_set_client = utf8mb4 */;
CREATE TABLE `cafv_eligibility` (
  `CAFV_id` int unsigned NOT NULL AUTO_INCREMENT,
  `eligibility` varchar(42) NOT NULL,
  PRIMARY KEY (`CAFV_id`)
) ENGINE=InnoDB AUTO_INCREMENT=3 DEFAULT CHARSET=utf8mb3;
/*!40101 SET character_set_client = @saved_cs_client */;

--
-- Dumping data for table `cafv_eligibility`
--

LOCK TABLES `cafv_eligibility` WRITE;
/*!40000 ALTER TABLE `cafv_eligibility` DISABLE KEYS */;
INSERT INTO `cafv_eligibility` VALUES (1,'Clean Alternative Fuel Vehicle Eligible'),(2,'Not eligible due to low battery range');
/*!40000 ALTER TABLE `cafv_eligibility` ENABLE KEYS */;
UNLOCK TABLES;

--
-- Table structure for table `electric_utility`
--

DROP TABLE IF EXISTS `electric_utility`;
/*!40101 SET @saved_cs_client     = @@character_set_client */;
/*!50503 SET character_set_client = utf8mb4 */;
CREATE TABLE `electric_utility` (
  `utility_id` int unsigned NOT NULL AUTO_INCREMENT,
  `electric_utility` varchar(115) NOT NULL,
  PRIMARY KEY (`utility_id`)
) ENGINE=InnoDB AUTO_INCREMENT=9 DEFAULT CHARSET=utf8mb3;
/*!40101 SET character_set_client = @saved_cs_client */;

--
-- Dumping data for table `electric_utility`
--

LOCK TABLES `electric_utility` WRITE;
/*!40000 ALTER TABLE `electric_utility` DISABLE KEYS */;
INSERT INTO `electric_utility` VALUES (1,'PUGET SOUND ENERGY INC||CITY OF TACOMA - (WA)'),(2,'BONNEVILLE POWER ADMINISTRATION||TOWN OF STEILACOOM|CITY OF TACOMA - (WA)||PENINSULA LIGHT COMPANY'),(3,'BONNEVILLE POWER ADMINISTRATION||TOWN OF RUSTON - (WA)|CITY OF TACOMA - (WA)||PENINSULA LIGHT COMPANY'),(4,'BONNEVILLE POWER ADMINISTRATION||CITY OF TACOMA - (WA)||PENINSULA LIGHT COMPANY'),(5,'BONNEVILLE POWER ADMINISTRATION||CITY OF TACOMA - (WA)||PARKLAND LIGHT & WATER COMPANY|PENINSULA LIGHT COMPANY'),(6,'BONNEVILLE POWER ADMINISTRATION||CITY OF TACOMA - (WA)||OHOP MUTUAL LIGHT COMPANY, INC|PENINSULA LIGHT COMPANY'),(7,'BONNEVILLE POWER ADMINISTRATION||CITY OF TACOMA - (WA)||LAKEVIEW LIGHT & POWER|PENINSULA LIGHT COMPANY'),(8,'BONNEVILLE POWER ADMINISTRATION||CITY OF TACOMA - (WA)||ELMHURST MUTUAL POWER & LIGHT CO|PENINSULA LIGHT COMPANY');
/*!40000 ALTER TABLE `electric_utility` ENABLE KEYS */;
UNLOCK TABLES;

--
-- Table structure for table `electric_vehicle_info`
--

DROP TABLE IF EXISTS `electric_vehicle_info`;
/*!40101 SET @saved_cs_client     = @@character_set_client */;
/*!50503 SET character_set_client = utf8mb4 */;
CREATE TABLE `electric_vehicle_info` (
  `ev_info_id` int unsigned NOT NULL AUTO_INCREMENT,
  `make` varchar(40) NOT NULL,
  `model` varchar(40) NOT NULL,
  `model_year` int NOT NULL,
  `electric_range` int NOT NULL,
  `type_id` int NOT NULL,
  PRIMARY KEY (`ev_info_id`),
  KEY `fk_electric_vehicle_info_ev_type1_idx` (`type_id`),
  CONSTRAINT `fk_electric_vehicle_info_ev_type1` FOREIGN KEY (`type_id`) REFERENCES `ev_type` (`type_id`)
) ENGINE=InnoDB AUTO_INCREMENT=26 DEFAULT CHARSET=utf8mb3;
/*!40101 SET character_set_client = @saved_cs_client */;

--
-- Dumping data for table `electric_vehicle_info`
--

LOCK TABLES `electric_vehicle_info` WRITE;
/*!40000 ALTER TABLE `electric_vehicle_info` DISABLE KEYS */;
INSERT INTO `electric_vehicle_info` VALUES (1,'VOLVO','XC90',2018,19,1),(2,'VOLVO','XC60',2019,17,1),(3,'VOLVO','XC60',2018,17,1),(4,'KIA','SOUL EV',2018,111,2),(5,'KIA','SOUL EV',2017,93,2),(6,'KIA','SOUL',2016,93,2),(7,'TESLA','ROADSTER',2010,245,2),(8,'TESLA','ROADSTER',2008,220,2),(9,'PORSCHE','PANAMERA',2018,14,1),(10,'CHRYSLER','PACIFICA',2019,32,1),(11,'TESLA','MODEL S',2014,208,2),(12,'TESLA','MODEL S',2013,208,2),(13,'TESLA','MODEL S',2012,265,2),(14,'FISKER','KARMA',2012,33,1),(15,'CADILLAC','CT6',2018,31,1),(16,'SUBARU','CROSSTREK',2019,17,1),(17,'MINI','COUNTRYMAN',2019,12,1),(18,'MINI','COUNTRYMAN',2018,12,1),(19,'BMW','530E',2019,15,1),(20,'BMW','530E',2019,16,1),(21,'BMW','530E',2018,16,1),(22,'BMW','530E',2018,14,1),(23,'BMW','330E',2018,14,1),(24,'BMW','330E',2017,14,1),(25,'BMW','330E',2016,14,1);
/*!40000 ALTER TABLE `electric_vehicle_info` ENABLE KEYS */;
UNLOCK TABLES;

--
-- Table structure for table `ev_type`
--

DROP TABLE IF EXISTS `ev_type`;
/*!40101 SET @saved_cs_client     = @@character_set_client */;
/*!50503 SET character_set_client = utf8mb4 */;
CREATE TABLE `ev_type` (
  `type_id` int NOT NULL AUTO_INCREMENT,
  `ev_type` varchar(45) NOT NULL,
  PRIMARY KEY (`type_id`)
) ENGINE=InnoDB AUTO_INCREMENT=3 DEFAULT CHARSET=utf8mb3;
/*!40101 SET character_set_client = @saved_cs_client */;

--
-- Dumping data for table `ev_type`
--

LOCK TABLES `ev_type` WRITE;
/*!40000 ALTER TABLE `ev_type` DISABLE KEYS */;
INSERT INTO `ev_type` VALUES (1,'Plug-in Hybrid Electric Vehicle (PHEV)'),(2,'Battery Electric Vehicle (BEV)');
/*!40000 ALTER TABLE `ev_type` ENABLE KEYS */;
UNLOCK TABLES;

--
-- Table structure for table `location`
--

DROP TABLE IF EXISTS `location`;
/*!40101 SET @saved_cs_client     = @@character_set_client */;
/*!50503 SET character_set_client = utf8mb4 */;
CREATE TABLE `location` (
  `location_id` int unsigned NOT NULL AUTO_INCREMENT,
  `county` varchar(6) NOT NULL,
  `city` varchar(16) NOT NULL,
  `state` varchar(2) NOT NULL,
  `postal_code` varchar(5) NOT NULL,
  `legaslative_district` int unsigned NOT NULL,
  PRIMARY KEY (`location_id`)
) ENGINE=InnoDB AUTO_INCREMENT=66 DEFAULT CHARSET=utf8mb3;
/*!40101 SET character_set_client = @saved_cs_client */;

--
-- Dumping data for table `location`
--

LOCK TABLES `location` WRITE;
/*!40000 ALTER TABLE `location` DISABLE KEYS */;
INSERT INTO `location` VALUES (1,'Pierce','Bonney Lake','WA','98391',31),(2,'Pierce','Lake Tapps','WA','98391',31),(3,'Pierce','Lakewood','WA','98499',29),(4,'Pierce','Lakewood','WA','98499',28),(5,'Pierce','Fircrest','WA','98466',28),(6,'Pierce','University Place','WA','98466',28),(7,'Pierce','Tacoma','WA','98466',28),(8,'Pierce','University Place','WA','98467',28),(9,'Pierce','University Place','WA','98467',29),(10,'Pierce','Tacoma','WA','98406',28),(11,'Pierce','Tacoma','WA','98406',27),(12,'Pierce','Tacoma','WA','98407',27),(13,'Pierce','Ruston','WA','98407',27),(14,'Pierce','Tacoma','WA','98422',27),(15,'Pierce','Tacoma','WA','98405',27),(16,'Pierce','Gig Harbor','WA','98332',26),(17,'Pierce','Fox Island','WA','98333',26),(18,'Pierce','Gig Harbor','WA','98335',26),(19,'Pierce','Gig Harbor','WA','98329',26),(20,'Pierce','Lakebay','WA','98349',26),(21,'Pierce','Puyallup','WA','98373',25),(22,'Pierce','South Hill','WA','98373',25),(23,'Pierce','Puyallup','WA','98371',25),(24,'Pierce','Edgewood','WA','98371',31),(25,'Pierce','Graham','WA','98338',2),(26,'Pierce','Graham','WA','98338',28),(27,'Pierce','Enumclaw','WA','98022',31),(28,'Pierce','Auburn','WA','98092',31),(29,'Pierce','Buckley','WA','98321',31),(30,'Pierce','Edgewood','WA','98372',31),(31,'Pierce','Puyallup','WA','98372',31),(32,'Pierce','Puyallup','WA','98372',25),(33,'Pierce','Tacoma','WA','98444',29),(34,'Pierce','Spanaway','WA','98387',29),(35,'Pierce','Spanaway','WA','98387',2),(36,'Pierce','Spanaway','WA','98387',28),(37,'Pierce','Tacoma','WA','98445',29),(38,'Pierce','Tacoma','WA','98445',25),(39,'Pierce','Tacoma','WA','98409',29),(40,'Pierce','Anderson Island','WA','98303',28),(41,'Pierce','Tacoma','WA','98403',27),(42,'Pierce','Tacoma','WA','98404',27),(43,'Pierce','Tacoma','WA','98404',29),(44,'Pierce','Longbranch','WA','98351',26),(45,'Pierce','Fife','WA','98424',25),(46,'Pierce','South Hill','WA','98375',25),(47,'Pierce','Puyallup','WA','98375',2),(48,'Pierce','Puyallup','WA','98375',25),(49,'Pierce','South Hill','WA','98375',2),(50,'Pierce','South Hill','WA','98374',25),(51,'Pierce','Puyallup','WA','98374',2),(52,'Pierce','Puyallup','WA','98374',25),(53,'Pierce','Orting','WA','98360',2),(54,'Pierce','Eatonville','WA','98328',2),(55,'Pierce','Roy','WA','98580',2),(56,'Pierce','Sumner','WA','98390',31),(57,'Pierce','Tacoma','WA','98408',27),(58,'Pierce','Tacoma','WA','98408',29),(59,'Pierce','Steilacoom','WA','98388',28),(60,'Pierce','Tacoma','WA','98465',28),(61,'Pierce','Tacoma','WA','98465',27),(62,'Pierce','Tacoma','WA','98402',27),(63,'Pierce','Parkland','WA','98446',29),(64,'Pierce','Vaughn','WA','98394',26),(65,'Pierce','Lakewood','WA','98498',28);
/*!40000 ALTER TABLE `location` ENABLE KEYS */;
UNLOCK TABLES;

--
-- Table structure for table `vehicle`
--

DROP TABLE IF EXISTS `vehicle`;
/*!40101 SET @saved_cs_client     = @@character_set_client */;
/*!50503 SET character_set_client = utf8mb4 */;
CREATE TABLE `vehicle` (
  `vehicle_id` int unsigned NOT NULL AUTO_INCREMENT,
  `vin` varchar(17) NOT NULL,
  `msrp` int unsigned NOT NULL,
  `ev_info_id` int unsigned NOT NULL,
  `location_id` int unsigned NOT NULL,
  `CAFV_id` int unsigned NOT NULL,
  PRIMARY KEY (`vehicle_id`),
  KEY `fk_vehicle_electric_vehicle_info1_idx` (`ev_info_id`),
  KEY `fk_vehicle_location1_idx` (`location_id`),
  KEY `fk_vehicle_CAFV_eligibility1_idx` (`CAFV_id`),
  CONSTRAINT `fk_vehicle_CAFV_eligibility1` FOREIGN KEY (`CAFV_id`) REFERENCES `cafv_eligibility` (`CAFV_id`),
  CONSTRAINT `fk_vehicle_electric_vehicle_info1` FOREIGN KEY (`ev_info_id`) REFERENCES `electric_vehicle_info` (`ev_info_id`),
  CONSTRAINT `fk_vehicle_location1` FOREIGN KEY (`location_id`) REFERENCES `location` (`location_id`)
) ENGINE=InnoDB AUTO_INCREMENT=295 DEFAULT CHARSET=utf8mb3;
/*!40101 SET character_set_client = @saved_cs_client */;

--
-- Dumping data for table `vehicle`
--

LOCK TABLES `vehicle` WRITE;
/*!40000 ALTER TABLE `vehicle` DISABLE KEYS */;
INSERT INTO `vehicle` VALUES (1,'2C4RC1N79K',39995,10,1,1),(2,'WMZYU7C56K',36900,17,2,2),(3,'2C4RC1H71K',39995,10,3,1),(4,'2C4RC1H73K',39995,10,3,1),(5,'2C4RC1H73K',39995,10,3,1),(6,'2C4RC1H75K',39995,10,3,1),(7,'2C4RC1H76K',39995,10,3,1),(8,'2C4RC1H77K',39995,10,3,1),(9,'2C4RC1H78K',39995,10,3,1),(10,'2C4RC1H7XK',39995,10,3,1),(11,'LYVBR0DL2K',52900,2,5,2),(12,'LYVBR0DM0K',52900,2,65,2),(13,'WBAJB1C50K',55700,19,60,2),(14,'WMZYU7C51K',36900,17,65,2),(15,'WMZYU7C51K',36900,17,8,2),(16,'WMZYU7C52K',36900,17,4,2),(17,'WMZYU7C54K',36900,17,10,2),(18,'JF2GTDNC5K',34995,16,12,2),(19,'LYVBR0DM2K',52900,2,14,2),(20,'WBAJA9C56K',53400,20,14,2),(21,'WMZYU7C50K',36900,17,12,2),(22,'WMZYU7C53K',36900,17,15,2),(23,'WMZYU7C58K',36900,17,11,2),(24,'WMZYU7C59K',36900,17,16,2),(25,'2C4RC1H72K',39995,10,16,1),(26,'2C4RC1N71K',39995,10,16,1),(27,'JF2GTDNC0K',34995,16,16,2),(28,'JF2GTDNC5K',34995,16,17,2),(29,'JF2GTDNC7K',34995,16,18,2),(30,'LYVBR0DM0K',52900,2,16,2),(31,'LYVBR0DM6K',52900,2,16,2),(32,'WBAJA9C51K',53400,20,19,2),(33,'WBAJB1C5XK',55700,19,16,2),(34,'WMZYU7C52K',36900,17,20,2),(35,'LYVBR0DK3K',52900,2,21,2),(36,'WBAJA9C50K',53400,20,23,2),(37,'WBAJA9C57K',53400,20,25,2),(38,'WMZYU7C59K',36900,17,25,2),(39,'YV4BR0PL2J',64950,1,27,2),(40,'YV4BR0PL5J',64950,1,28,2),(41,'YV4BR0PM1J',64950,1,29,2),(42,'WBAJA9C53J',52650,21,30,2),(43,'WBAJA9C56J',52650,21,1,2),(44,'WBAJA9C59J',52650,21,1,2),(45,'WBAJB1C56J',54950,22,1,2),(46,'WBAJB1C58J',54950,22,29,2),(47,'YV4BR0PL5J',64950,1,33,2),(48,'WBAJA9C5XJ',52650,21,34,2),(49,'WBAJA9C5XJ',52650,21,37,2),(50,'WBA8E1C58J',45600,22,34,2),(51,'WBAJB1C51J',54950,22,39,2),(52,'KNDJX3AE7J',33950,4,39,1),(53,'LREKK5RX0J',75095,15,8,1),(54,'LREKK5RX2J',75095,15,5,1),(55,'LYVBR0DL4J',52900,3,65,2),(56,'YV4BR0DL4J',52900,3,5,2),(57,'YV4BR0DM0J',52900,3,8,2),(58,'WBAJA9C5XJ',52650,21,10,2),(59,'WBAJB1C53J',54950,22,40,2),(60,'WBAJB1C56J',54950,22,6,2),(61,'KNDJX3AE8J',33950,4,41,1),(62,'LREKK5RX6J',75095,15,42,1),(63,'WBAJA9C50J',52650,21,14,2),(64,'WBAJA9C52J',52650,21,41,2),(65,'WBAJA9C58J',52650,21,11,2),(66,'WBAJB1C52J',54950,22,12,2),(67,'WBAJB1C54J',54950,22,14,2),(68,'WBAJB1C55J',54950,22,14,2),(69,'WMZYU7C43J',36800,18,12,2),(70,'WMZYU7C46J',36800,18,14,2),(71,'WMZYU7C49J',36800,18,12,2),(72,'LYVBR0DL4J',52900,3,16,2),(73,'YV4BR0DK8J',52900,3,18,2),(74,'WBAJA9C52J',52650,21,16,2),(75,'WBAJA9C54J',52650,21,16,2),(76,'WBA8E1C55J',45600,23,16,2),(77,'WBA8E1C57J',45600,23,19,2),(78,'WBA8E1C57J',45600,23,18,2),(79,'WP0AH2A7XJ',184400,9,18,2),(80,'WMZYU7C41J',36800,18,44,2),(81,'WMZYU7C48J',36800,18,18,2),(82,'LREKK5RX8J',75095,15,23,1),(83,'WBA8E1C51J',45600,23,45,2),(84,'WBA8E1C53J',45600,23,45,2),(85,'WBA8E1C56J',45600,23,45,2),(86,'WBA8E1C56J',45600,23,45,2),(87,'WBA8E1C58J',45600,23,45,2),(88,'WBA8E1C58J',45600,23,46,2),(89,'WBA8E1C59J',45600,23,45,2),(90,'WBAJB1C52J',54950,22,50,2),(91,'WBAJB1C59J',54950,22,21,2),(92,'KNDJX3AEXJ',33950,4,35,1),(93,'LREKK5RX2J',75095,15,53,1),(94,'LREKK5RX6J',75095,15,54,1),(95,'LREKK5RX9J',75095,15,55,1),(96,'WBAJA9C51J',52650,21,51,2),(97,'WBA8E1C58J',45600,23,35,2),(98,'WMZYU7C47J',36800,18,55,2),(99,'WMZYU7C49J',36800,18,54,2),(100,'KNDJP3AE3H',32250,5,1,1),(101,'KNDJX3AE6H',32250,5,1,1),(102,'WBA8E1C33H',44100,24,28,2),(103,'WBA8E1C33H',44100,24,1,2),(104,'WBA8E1C38H',44100,24,2,2),(105,'WBA8E1C38H',44100,24,56,2),(106,'KNDJX3AE0H',32250,5,3,1),(107,'KNDJX3AE3H',32250,5,34,1),(108,'KNDJX3AE5H',32250,5,37,1),(109,'KNDJP3AE4H',32250,5,39,1),(110,'KNDJX3AE6H',32250,5,8,1),(111,'KNDJX3AEXH',32250,5,5,1),(112,'WBA8E1C30H',44100,24,65,2),(113,'WBA8E1C31H',44100,24,65,2),(114,'KNDJP3AE3H',32250,5,15,1),(115,'WBA8E1C39H',44100,24,14,2),(116,'WBA8E1C5XH',44100,24,14,2),(117,'WBA8E1C39H',44100,24,19,2),(118,'WBA8E1C3XH',44100,24,46,2),(119,'KNDJX3AE3H',32250,5,47,1),(120,'KNDJX3AE1G',31950,6,24,1),(121,'KNDJX3AE6G',31950,6,31,1),(122,'KNDJP3AE5G',31950,6,34,1),(123,'KNDJP3AE6G',31950,6,33,1),(124,'KNDJP3AEXG',31950,6,39,1),(125,'KNDJP3AE1G',31950,6,36,1),(126,'KNDJP3AE3G',31950,6,10,1),(127,'KNDJP3AE4G',31950,6,39,1),(128,'KNDJP3AE8G',31950,6,6,1),(129,'KNDJP3AEXG',31950,6,6,1),(130,'KNDJX3AE0G',31950,6,40,1),(131,'KNDJX3AE2G',31950,6,6,1),(132,'KNDJX3AE7G',31950,6,65,1),(133,'KNDJP3AE2G',31950,6,15,1),(134,'KNDJP3AE2G',31950,6,14,1),(135,'KNDJP3AE5G',31950,6,12,1),(136,'KNDJP3AE6G',31950,6,12,1),(137,'KNDJP3AEXG',31950,6,12,1),(138,'KNDJP3AEXG',31950,6,57,1),(139,'KNDJX3AE0G',31950,6,42,1),(140,'KNDJX3AE5G',31950,6,12,1),(141,'KNDJP3AE5G',31950,6,19,1),(142,'KNDJX3AE6G',31950,6,18,1),(143,'KNDJP3AE1G',31950,6,50,1),(144,'KNDJP3AE4G',31950,6,38,1),(145,'KNDJP3AE8G',31950,6,21,1),(146,'KNDJX3AE3G',31950,6,45,1),(147,'KNDJX3AE3G',31950,6,48,1),(148,'KNDJX3AE3G',31950,6,50,1),(149,'KNDJX3AE7G',31950,6,32,1),(150,'KNDJX3AE7G',31950,6,52,1),(151,'KNDJX3AEXG',31950,6,50,1),(152,'WBA8E1C56G',43700,25,38,2),(153,'KNDJP3AE2G',31950,6,49,1),(154,'KNDJP3AE2G',31950,6,35,1),(155,'KNDJX3AE5G',31950,6,47,1),(156,'KNDJX3AE7G',31950,6,25,1),(157,'KNDJX3AE8G',31950,6,47,1),(158,'KNDJX3AE9G',31950,6,35,1),(159,'KNDJX3AEXG',31950,6,53,1),(160,'5YJSA1H11E',69900,11,24,1),(161,'5YJSA1H14E',69900,11,1,1),(162,'5YJSA1H15E',69900,11,1,1),(163,'5YJSA1H17E',69900,11,30,1),(164,'5YJSA1H18E',69900,11,2,1),(165,'5YJSA1H22E',69900,11,2,1),(166,'5YJSA1S10E',69900,11,29,1),(167,'5YJSA1H13E',69900,11,58,1),(168,'5YJSA1H13E',69900,11,9,1),(169,'5YJSA1H1XE',69900,11,58,1),(170,'5YJSA1H1XE',69900,11,37,1),(171,'5YJSA1S1XE',69900,11,3,1),(172,'5YJSA1H10E',69900,11,40,1),(173,'5YJSA1H10E',69900,11,65,1),(174,'5YJSA1H12E',69900,11,8,1),(175,'5YJSA1H12E',69900,11,8,1),(176,'5YJSA1H15E',69900,11,36,1),(177,'5YJSA1H15E',69900,11,59,1),(178,'5YJSA1H17E',69900,11,39,1),(179,'5YJSA1H18E',69900,11,40,1),(180,'5YJSA1H18E',69900,11,6,1),(181,'5YJSA1H18E',69900,11,6,1),(182,'5YJSA1S12E',69900,11,60,1),(183,'5YJSA1S17E',69900,11,6,1),(184,'5YJSA1S18E',69900,11,65,1),(185,'5YJSA1H10E',69900,11,12,1),(186,'5YJSA1H10E',69900,11,14,1),(187,'5YJSA1H16E',69900,11,13,1),(188,'5YJSA1H18E',69900,11,12,1),(189,'5YJSA1H19E',69900,11,41,1),(190,'5YJSA1H19E',69900,11,14,1),(191,'5YJSA1H1XE',69900,11,14,1),(192,'5YJSA1H20E',69900,11,41,1),(193,'5YJSA1H26E',69900,11,14,1),(194,'5YJSA1S14E',69900,11,61,1),(195,'5YJSA1S15E',69900,11,62,1),(196,'5YJSA1S16E',69900,11,61,1),(197,'5YJSA1H10E',69900,11,18,1),(198,'5YJSA1H11E',69900,11,18,1),(199,'5YJSA1H12E',69900,11,16,1),(200,'5YJSA1H12E',69900,11,18,1),(201,'5YJSA1H14E',69900,11,16,1),(202,'5YJSA1H17E',69900,11,17,1),(203,'5YJSA1H1XE',69900,11,20,1),(204,'5YJSA1H28E',69900,11,18,1),(205,'5YJSA1S11E',69900,11,16,1),(206,'5YJSA1S16E',69900,11,16,1),(207,'5YJSA1S19E',69900,11,18,1),(208,'5YJSA1H13E',69900,11,50,1),(209,'5YJSA1H15E',69900,11,23,1),(210,'5YJSA1H15E',69900,11,22,1),(211,'5YJSA1H16E',69900,11,22,1),(212,'5YJSA1H1XE',69900,11,32,1),(213,'5YJSA1H26E',69900,11,48,1),(214,'5YJSA1H28E',69900,11,23,1),(215,'5YJSA1H28E',69900,11,21,1),(216,'5YJSA1H11E',69900,11,49,1),(217,'5YJSA1H18E',69900,11,55,1),(218,'5YJSA1H29E',69900,11,54,1),(219,'5YJSA1S14E',69900,11,25,1),(220,'5YJSA1S18E',69900,11,53,1),(221,'5YJSA1AG9D',69900,12,29,1),(222,'5YJSA1CGXD',69900,12,2,1),(223,'5YJSA1CN0D',69900,12,30,1),(224,'5YJSA1CN7D',69900,12,56,1),(225,'5YJSA1CNXD',69900,12,1,1),(226,'5YJSA1CPXD',69900,12,29,1),(227,'5YJSA1DP5D',69900,12,1,1),(228,'5YJSA1DP5D',69900,12,2,1),(229,'5YJSA1AC2D',69900,12,39,1),(230,'5YJSA1ACXD',69900,12,39,1),(231,'5YJSA1CN5D',69900,12,39,1),(232,'5YJSA1CN5D',69900,12,62,1),(233,'5YJSA1CNXD',69900,12,33,1),(234,'5YJSA1CP5D',69900,12,63,1),(235,'5YJSA1DN2D',69900,12,37,1),(236,'5YJSA1DP4D',69900,12,43,1),(237,'5YJSA1DP4D',69900,12,39,1),(238,'5YJSA1DP7D',69900,12,58,1),(239,'5YJSA1DP8D',69900,12,34,1),(240,'5YJSA1DP9D',69900,12,34,1),(241,'5YJSA1AC9D',69900,12,8,1),(242,'5YJSA1CG1D',69900,12,59,1),(243,'5YJSA1CP1D',69900,12,5,1),(244,'5YJSA1CP9D',69900,12,26,1),(245,'5YJSA1CPXD',69900,12,4,1),(246,'5YJSA1CG5D',69900,12,41,1),(247,'5YJSA1CN4D',69900,12,42,1),(248,'5YJSA1CN9D',69900,12,12,1),(249,'5YJSA1DP3D',69900,12,11,1),(250,'5YJSA1DP6D',69900,12,41,1),(251,'5YJSA1DP6D',69900,12,12,1),(252,'5YJSA1AG9D',69900,12,18,1),(253,'5YJSA1CG5D',69900,12,18,1),(254,'5YJSA1CN7D',69900,12,17,1),(255,'5YJSA1CN8D',69900,12,16,1),(256,'5YJSA1CN8D',69900,12,16,1),(257,'5YJSA1CN8D',69900,12,18,1),(258,'5YJSA1CP3D',69900,12,19,1),(259,'5YJSA1CP8D',69900,12,18,1),(260,'5YJSA1CP9D',69900,12,18,1),(261,'5YJSA1DN0D',69900,12,16,1),(262,'5YJSA1DN5D',69900,12,17,1),(263,'5YJSA1DP4D',69900,12,64,1),(264,'5YJSA1AC2D',69900,12,50,1),(265,'5YJSA1AGXD',69900,12,48,1),(266,'5YJSA1CG7D',69900,12,21,1),(267,'5YJSA1CGXD',69900,12,31,1),(268,'5YJSA1CN1D',69900,12,46,1),(269,'5YJSA1CN9D',69900,12,45,1),(270,'5YJSA1DP0D',69900,12,21,1),(271,'5YJSA1DP8D',69900,12,45,1),(272,'5YJSA1CN6D',69900,12,47,1),(273,'5YJSA1CP0D',69900,12,25,1),(274,'5YJSA1CP2D',69900,12,25,1),(275,'5YJSA1DN8D',69900,12,55,1),(276,'5YJSA1DN9D',69900,12,55,1),(277,'5YJSA1DP5D',69900,12,25,1),(278,'5YJSA1CP6C',59900,13,56,1),(279,'5YJSA1DN4C',59900,13,29,1),(280,'5YJSA1DN7C',59900,13,1,1),(281,'5YJSA1DNXC',59900,13,28,1),(282,'5YJSA1DP5C',59900,13,28,1),(283,'YH4K14AA8C',102000,14,2,1),(284,'5YJSA1DN4C',59900,13,39,1),(285,'5YJSA1CP4C',59900,13,7,1),(286,'5YJSA1CP8C',59900,13,12,1),(287,'5YJSA1DN2C',59900,13,62,1),(288,'5YJSA1DP4C',59900,13,12,1),(289,'5YJSA1DN4C',59900,13,50,1),(290,'5YJSA1DP9C',59900,13,45,1),(291,'5YJRE1A16A',110950,7,58,1),(292,'5YJRE1A32A',110950,7,59,1),(293,'5YJRE11B88',98950,8,59,1),(294,'5YJRE11B68',98950,8,19,1);
/*!40000 ALTER TABLE `vehicle` ENABLE KEYS */;
UNLOCK TABLES;

--
-- Table structure for table `vehicle_utility`
--

DROP TABLE IF EXISTS `vehicle_utility`;
/*!40101 SET @saved_cs_client     = @@character_set_client */;
/*!50503 SET character_set_client = utf8mb4 */;
CREATE TABLE `vehicle_utility` (
  `utility_id` int unsigned NOT NULL,
  `vehicle_id` int unsigned NOT NULL,
  PRIMARY KEY (`utility_id`,`vehicle_id`),
  KEY `vehicle_id_idx` (`vehicle_id`),
  CONSTRAINT `utility_id` FOREIGN KEY (`utility_id`) REFERENCES `electric_utility` (`utility_id`),
  CONSTRAINT `vehicle_id` FOREIGN KEY (`vehicle_id`) REFERENCES `vehicle` (`vehicle_id`)
) ENGINE=InnoDB DEFAULT CHARSET=utf8mb3;
/*!40101 SET character_set_client = @saved_cs_client */;

--
-- Dumping data for table `vehicle_utility`
--

LOCK TABLES `vehicle_utility` WRITE;
/*!40000 ALTER TABLE `vehicle_utility` DISABLE KEYS */;
INSERT INTO `vehicle_utility` VALUES (1,1),(1,2),(7,3),(7,4),(7,5),(7,6),(7,7),(7,8),(7,9),(7,10),(4,11),(4,12),(4,13),(1,14),(4,15),(4,16),(4,17),(4,18),(4,19),(4,20),(4,21),(4,22),(4,23),(4,24),(4,25),(4,26),(4,27),(4,28),(4,29),(4,30),(4,31),(4,32),(4,33),(4,34),(4,35),(1,36),(4,37),(6,38),(1,39),(1,40),(1,41),(1,42),(1,43),(1,44),(1,45),(1,46),(7,47),(4,48),(4,49),(4,50),(4,51),(1,52),(4,53),(4,54),(4,55),(4,56),(4,57),(4,58),(4,59),(4,60),(4,61),(4,62),(4,63),(4,64),(4,65),(4,66),(4,67),(4,68),(4,69),(4,70),(4,71),(4,72),(4,73),(4,74),(4,75),(4,76),(4,77),(4,78),(4,79),(4,80),(4,81),(1,82),(4,83),(4,84),(4,85),(4,86),(4,87),(8,88),(4,89),(1,90),(1,91),(4,92),(1,93),(6,94),(4,95),(1,96),(4,97),(4,98),(6,99),(1,100),(1,101),(1,102),(1,103),(1,104),(1,105),(7,106),(4,107),(8,108),(1,109),(4,110),(4,111),(1,112),(1,113),(4,114),(4,115),(4,116),(4,117),(8,118),(8,119),(1,120),(1,121),(4,122),(4,123),(4,124),(4,125),(4,126),(1,127),(4,128),(4,129),(4,130),(4,131),(1,132),(4,133),(4,134),(4,135),(4,136),(4,137),(4,138),(4,139),(4,140),(4,141),(4,142),(1,143),(5,144),(1,145),(4,146),(8,147),(1,148),(1,149),(1,150),(1,151),(5,152),(1,153),(4,154),(8,155),(4,156),(8,157),(4,158),(1,159),(1,160),(1,161),(1,162),(1,163),(1,164),(1,165),(1,166),(4,167),(4,168),(4,169),(8,170),(4,171),(4,172),(4,173),(4,174),(4,175),(1,176),(2,177),(1,178),(4,179),(4,180),(4,181),(4,182),(4,183),(1,184),(4,185),(4,186),(3,187),(4,188),(4,189),(4,190),(4,191),(4,192),(4,193),(4,194),(4,195),(4,196),(4,197),(4,198),(4,199),(4,200),(4,201),(4,202),(4,203),(4,204),(4,205),(4,206),(4,207),(1,208),(1,209),(1,210),(1,211),(1,212),(8,213),(1,214),(4,215),(4,216),(4,217),(6,218),(4,219),(1,220),(1,221),(1,222),(1,223),(1,224),(1,225),(1,226),(1,227),(1,228),(4,229),(4,230),(4,231),(8,232),(4,233),(4,234),(8,235),(4,236),(4,237),(4,238),(8,239),(4,240),(4,241),(2,242),(4,243),(4,244),(4,245),(4,246),(4,247),(4,248),(4,249),(4,250),(4,251),(4,252),(4,253),(4,254),(4,255),(4,256),(4,257),(4,258),(4,259),(4,260),(4,261),(4,262),(4,263),(1,264),(8,265),(1,266),(1,267),(8,268),(4,269),(4,270),(4,271),(4,272),(1,273),(4,274),(4,275),(4,276),(6,277),(1,278),(1,279),(1,280),(1,281),(1,282),(1,283),(4,284),(4,285),(4,286),(4,287),(4,288),(1,289),(4,290),(4,291),(2,292),(2,293),(4,294);
/*!40000 ALTER TABLE `vehicle_utility` ENABLE KEYS */;
UNLOCK TABLES;
/*!40103 SET TIME_ZONE=@OLD_TIME_ZONE */;

/*!40101 SET SQL_MODE=@OLD_SQL_MODE */;
/*!40014 SET FOREIGN_KEY_CHECKS=@OLD_FOREIGN_KEY_CHECKS */;
/*!40014 SET UNIQUE_CHECKS=@OLD_UNIQUE_CHECKS */;
/*!40101 SET CHARACTER_SET_CLIENT=@OLD_CHARACTER_SET_CLIENT */;
/*!40101 SET CHARACTER_SET_RESULTS=@OLD_CHARACTER_SET_RESULTS */;
/*!40101 SET COLLATION_CONNECTION=@OLD_COLLATION_CONNECTION */;
/*!40111 SET SQL_NOTES=@OLD_SQL_NOTES */;

-- Dump completed on 2024-05-03 14:30:38
